"","V1","V2","V3","V4","V5","V6","V7","V8","V9","V10","V11","V12","V13","V14","V15","V16","V17","V18","V19","V20","V21","V22","V23","V24","V25","V26","V27","V28","V29","V30"
"8",33.621,-1.1957,-105.71,53.669,95.417,-39.364,-31.239,24.348,56.049,-34.221,23.987,-2.2092,9.5097,14.246,25.902,-11.27,14.268,-2.1854,13.682,27.81,2.5858,-27.356,-10.893,3.3834,26.683,-12.515,5.5213,-30.7,-16.191,14.336
"12",-11.935,-86.813,52.878,34.031,-14.818,-34.56,-40.383,-22.296,87.134,5.1907,-9.2085,40.656,-13.6,-0.85187,12.546,0.40332,10.921,-28.801,-10.715,-6.825,-7.8657,8.0579,14.126,11.055,4.8895,11.653,8.8195,13.836,5.8685,-5.1259
"20",48.751,-44.278,27.19,-15.444,20.964,29.599,-51.232,-29.77,31.807,-25.746,-34.677,3.1061,6.414,-11.371,-12.855,4.5718,-8.8084,0.22407,-30.191,-14.302,-10.589,-1.5997,-10.086,-18.782,13.813,-4.6777,-16.609,-3.2514,24.006,23.428
"28",22.551,-61.326,42.941,-0.76802,-14.048,-8.8335,-52.644,-11.563,48.67,3.6036,-7.9791,9.4721,-21.707,16.492,-26.357,-8.7806,5.869,0.64225,-12.847,11.628,0.33305,2.9139,9.0776,-17.119,-6.149,2.0254,2.7272,-14.277,13.842,11.021
"35",27.285,-37.217,34.688,22.609,4.829,-3.159,-50.759,-0.75887,44.1,-8.2139,-37.018,7.5657,10.207,-8.6661,18.745,17.716,-8.7795,-5.7153,-6.7339,-30.336,-9.1765,-15.291,-1.6512,5.9338,2.7132,-23.638,-2.5882,-7.277,0.1931,24.349
"36",-53.562,-35.004,-82.943,78.257,93.158,-74.184,-54.992,44.769,57.281,-9.1298,34.608,-8.6768,-11.688,16.237,-4.2702,6.8865,18.921,13.239,24.734,-36.236,6.7647,-22.304,-3.535,-9.3216,7.7551,-17.304,15.861,-0.91899,-33.724,8.8631
"39",-106.63,-102.82,53.048,90.785,-19.262,-13.743,-41.629,-3.48,21.357,15.078,50.3,2.7074,-5.0142,8.4761,-21.943,-15.582,4.5515,-11.845,-5.9429,-22.636,45.443,-7.8202,11.467,7.1989,-1.162,2.1288,10.759,-16.678,-30.131,4.1742
"43",-76.802,-102.31,49.932,34.389,17.508,-22.116,-50.277,-13.922,72.089,-9.0725,34.533,-14.977,0.15635,22.963,-19.926,6.9214,14.238,-20.313,-16.895,1.9223,39.492,-6.1604,31.187,-4.7205,0.060852,-4.1241,3.5519,-7.4485,-31.79,12.79
"55",13.948,-65.364,28.976,9.7265,20.26,-9.161,-45.759,-13.974,31.58,-15.146,-23.199,17.111,1.3558,12.568,21.266,10.92,3.9399,-15.753,6.3725,-14.057,5.7155,5.1367,9.1488,5.3876,0.16547,-9.4867,25.886,0.57429,6.713,8.5184
"56",-0.1546,-72.028,49.103,64.449,14.873,6.907,-40.058,-25.854,43.244,39.903,-32.114,16.969,8.3227,-11.42,25.801,-5.0184,10.822,-2.7814,-17.109,-14.844,13.367,-1.7453,4.852,12.081,-5.6901,-10.969,26.601,10.499,0.70024,14.541
"59",-16.61,-75.196,43.095,57.865,7.6241,6.241,-55.726,17.991,36.902,19.324,-15.32,14.673,-0.71927,-1.2814,27.332,-10.212,0.85854,13.975,2.6765,-11.35,27.936,-1.4662,9.5534,4.8404,2.7692,-43.582,-0.53628,9.2709,-4.77,25.62
"66",-152.46,-175.69,-53.927,-97.117,-97.85,56.452,-18.089,25.963,22.069,-1.6631,15.955,3.4923,2.8177,5.2728,-24.88,-18.187,22.579,-14.917,-33.805,4.2544,18.164,3.1282,-2.6775,-0.64882,16.311,-0.27412,-2.4513,11.981,-13.058,-24.741
"67",-8.9909,-3.4453,-79.784,5.1242,97.047,-46.669,-41.062,14.277,36.882,-21.318,-4.0629,3.3373,16.894,32.329,14.434,-16.929,-13.075,-7.5063,44.835,7.1301,-20.709,22.597,-34.437,19.04,10.763,3.4274,6.3923,-22.501,-1.1135,14.4
"72",-101.42,-128.84,53.954,83.384,-16.736,4.9852,-35.947,10.024,48.215,57.806,16.69,11.042,-18.251,-0.897,4.3325,-30.828,-4.9216,-2.5009,-4.6038,-7.1945,31.669,12.946,-1.2326,12.025,-3.8178,-5.3149,13.079,3.7524,3.0172,-4.4035
"80",-53.615,-160.37,-62.937,-73.592,-66.137,79.074,15.786,-74.114,75.035,-5.7471,46.69,9.248,-14.249,18.831,-42.801,-1.0129,43.855,-29.516,-29.805,-38.539,8.118,3.4396,14.127,37.949,-8.1312,17.961,9.9769,-1.9688,-26.422,-7.3785
"86",-67.604,-128.13,38.473,83.878,-26.784,-26.916,-42.385,4.648,71.01,30.053,-1.1593,32.809,18.254,-1.8349,24.876,-27.705,11.898,-4.3664,-14.467,3.4712,11.922,15.197,16.023,14.182,-4.3349,-12.402,12.155,8.79,2.6111,2.742
"88",-49.007,-102.99,59.236,70.801,10.586,15.847,-65.062,-10.506,69.313,41.889,-8.7766,23.212,-13.365,-6.7948,-8.2826,-22.397,8.2961,-4.74,-17.589,-33.905,10.577,-19.446,6.3038,1.4279,-9.9323,-7.8581,7.3228,-6.9907,-5.4561,7.8903
"92",-124.07,-134.62,21.947,112.45,-16.37,-16.386,-52.156,3.4799,37.429,43.364,39.807,-21.215,14.127,12.447,5.906,-17.194,12.836,-0.98387,-6.0514,-18.053,9.2998,-2.4161,19.415,-3.3731,-4.7382,1.1422,20.979,-10.461,-19.708,-46.522
"97",-6.9788,-72.327,31.629,7.5091,-14.075,-34.363,-27.815,-20.137,58.041,-16.912,27.278,40.172,-19.744,12.71,27.605,-8.8441,9.7519,-24.777,17.178,10.58,5.1167,-14.39,23.111,2.4085,0.13927,-37.912,-3.4773,3.3065,12.16,-1.7119
"99",54.39,8.1328,12.518,-1.8691,14.027,-0.89787,-42.419,-7.595,-6.5137,-1.9477,-26.581,-12.153,6.7849,-8.4892,13.654,8.6477,-7.6183,-3.9006,-15.698,-15.539,-1.363,-26.363,14.991,-17.434,-1.6808,-0.43504,2.7006,12.437,7.9546,-19.001
"100",65.996,-34.401,5.8965,-7.9439,3.588,-25.991,-43.758,-33.343,41.772,-42.686,3.6191,20.342,6.7814,13.49,25.829,12.81,22.542,-24.916,6.3227,0.97617,4.1934,-36.929,0.46546,-6.1118,19.027,-3.2429,7.3382,-0.011386,-4.9348,-3.9012
"105",9.3954,-41.229,22.618,-2.5953,-1.6974,-13.342,-37.28,-13.302,55.974,-41.369,17.08,8.7594,5.7956,12.267,18.615,9.5024,32.548,-6.4284,-13.447,-6.4103,17.009,-30.39,21.36,-5.2382,-3.3199,-7.4117,6.451,-7.1988,-9.4578,2.5739
"112",46.129,-11.599,-4.9485,21.229,-5.2048,18.117,-52.609,0.0086534,2.5601,-4.0904,-8.8123,-10.066,8.4075,-7.5274,37.072,2.5858,-2.7292,-0.47565,-9.9861,-19.879,8.6546,-27.437,11.218,9.8464,16.094,-34.247,8.8196,19.492,17.42,-10.762
"114",47.444,-54.233,18.146,-22.049,-9.2884,-10.897,-33.858,-26.101,70.224,-37.363,4.1834,23.972,-1.8739,10.846,2.9387,15.102,-0.95995,-10.876,-12.461,18.201,-0.24152,-24.884,9.5737,-8.8188,-9.9877,0.57182,4.8578,-7.538,0.95642,-7.7028
"118",42.506,4.0835,8.2115,14.848,-5.2449,5.5526,-39.541,-4.8771,-3.6345,10.216,-25.73,1.9887,18.232,-7.9712,23.102,14.986,-11.313,-1.9485,-6.313,-13.315,2.7593,-12.068,2.9274,-18.098,-4.6665,-13.028,17.884,12.164,0.65271,-3.4626
"130",18.656,1.9013,67.831,-40.194,-33.744,-23.993,-16.12,-14.878,-0.94567,-22.579,-7.6653,19.869,-5.7693,24.492,-5.6996,-9.9754,4.2964,0.9983,5.5975,-6.2844,-3.5308,-1.8949,4.4276,-8.7784,-8.3043,-10.838,-2.2069,4.8859,6.5256,20.64
"135",-33.616,-43.597,72.176,-3.7261,-26.887,-18.993,-13.094,9.9304,11.418,-0.30415,22.291,34.133,0.92651,-3.1193,23.261,-23.725,19.329,17.214,5.6375,-29.778,14.59,-0.80538,-16.221,2.5816,-18.635,-1.7027,42.562,1.3297,0.58903,14.87
"137",-62,-37.914,54.635,34.566,-40.904,-47.566,-8.8997,29.001,-0.60478,9.2592,44.987,34.943,0.86187,11.777,-1.0428,0.54222,13.416,-1.2427,16.793,-11.411,7.7321,13.932,5.4705,9.055,2.5009,-20.565,-2.4861,-5.0895,-16.504,20.617
"141",-6.711,-42.904,40.543,-37.187,-41.749,-25.876,-23.545,-3.8408,11.925,-37.536,12.305,31.074,2.7619,12.734,8.8088,-9.3232,12.65,-15.65,0.76019,-21.356,-2.4757,-2.846,-12.786,3.5705,0.25131,-3.5681,15.341,-5.9991,-0.792,9.5942
"143",19.935,-31.967,-117.93,21.614,75.891,-19.884,15.137,-15.338,-29.416,-15.495,20.94,-1.0933,29.779,4.9495,51.311,-43.279,21.26,16.635,9.6252,22.005,8.1414,-19.003,-4.6351,11.789,-4.1417,-28.982,-15.852,5.2881,14.156,4.5219
"144",24.927,-42.223,-118.2,1.4039,120.98,7.8882,25.15,-9.2581,-12.197,-17.304,37.239,-12.787,41.159,-19.166,44.529,-8.474,37.952,37.799,0.10108,14.933,28.359,-5.6494,-13.923,-12.523,-10.028,-43.274,-23.899,18.281,-1.0102,-6.9875
"147",-87.206,-42.963,55.612,62.562,-50.517,-37.464,-2.1971,-5.5848,2.8136,-5.2684,64.669,18.848,7.8391,18.323,18.387,-2.6314,16.051,-2.7019,9.8727,-19.674,9.3625,13.006,-0.6671,21.576,-6.0979,-3.0167,26.765,-10.367,-17.388,15.406
"150",34.577,-71.357,-91.59,-9.5422,42.043,-11.601,4.3101,-43.527,-2.3019,-26.707,35.598,21.273,72.857,-17.676,9.5837,-34.958,25.182,4.4159,35.099,-2.257,47.074,-41.866,1.7629,-3.7607,-17.937,-19.218,-11.112,24.42,-8.2798,-16.112
"160",67.901,-89.484,-130.09,-105.09,-58.203,72.212,15.71,-135.53,28.047,17.6,69.5,-96.152,1.476,24.161,-6.2891,12.065,98.721,103,-42.904,-58.028,-7.4842,-37.039,36.284,106.11,-78.496,-4.4246,19.65,-15.987,-57.627,1.7335
"174",-297.8,77.497,164.12,-203.06,107.06,55.3,14.774,134.77,116.62,-33.616,-31.356,16.509,33.532,-42.618,26.573,-68.042,-6.4214,-1.4946,8.3821,10.582,6.6076,-70.019,30.799,-24.794,16.108,1.6835,-1.6173,-20.456,-5.8729,14.483
"178",42.521,62.231,-41.005,-166.51,-78.731,112.82,-159.46,-66.553,-81.914,168.42,-111.41,-133.73,45.064,44.809,-100.54,-54.09,67.541,-1.6104,61.873,-96.635,25.987,-15.688,-22.348,144.42,87.481,7.3901,31.467,-47.877,92.688,14.462
"181",144,13.9,-43.961,-163.86,-53.169,61.62,114.92,12.293,-33.967,133.49,-60.369,-213.63,68.264,-71.486,-46.924,109.78,1.2221,-37.712,113.81,7.2886,-10.114,-13.921,23.893,43.919,137.97,-131.66,85.217,11.95,5.1824,-9.614
"182",-97.859,-131.42,29.522,113.59,3.8234,-27.256,-85.188,2.4856,-11.206,54.203,61.32,54.323,-34.581,23.448,-17.832,20.791,-28.301,15.462,47.868,14.544,30.018,-4.5462,-23.298,5.8089,-1.217,-10.547,35.753,1.4681,-14.216,-52.67
"187",-217.54,-88.645,-117.03,-154.53,-131.96,-24.421,-15.877,53.345,-9.0067,-46.801,-5.4465,-20.763,76.813,-36.881,1.2234,6.4805,44.704,-35.314,-39.935,10.985,32.075,19.834,-19.732,-4.3553,11.659,17.375,58.553,-1.0421,-31.45,-15.122
"200",-69.273,197.28,-20.683,83.26,-130.49,172.11,-54.925,34.987,60.081,-148.05,-41.129,-28.419,-146.48,-20.532,-11.876,-112.3,-13.046,-42.084,42.297,-56.445,-13.2,19.472,10.501,-45.49,37.154,-45.626,14.896,23.825,-30.748,-50.775
"207",-199.64,-73.101,-122.2,-144.94,-124.08,-43.692,-14.874,52.245,0.57003,-34.981,16.718,-26.877,70.157,-32.327,2.0146,19.681,52.997,-48.03,-31.852,-11.429,12.537,13.036,-9.8065,-33.737,6.8387,26.808,45.866,0.66956,-25.171,-9.038
"212",0.70723,-108.56,-78.532,29.106,14.523,-11.185,-48.64,81.041,55.185,49.766,27.459,18.139,-35.146,13.607,20.814,25.565,34.932,-9.732,16.889,22.65,-22.33,35.303,-6.6292,10.041,-24.33,9.943,40.778,-12.704,14.617,-1.441
"215",-138.98,88.158,-20.37,-49.529,-53.134,80.979,-136.35,-75.268,-93.556,0.76596,32.123,51.112,-2.2551,-61.857,132.23,42.103,102.93,120.59,-11.091,22.135,-8.3695,68.813,11.569,-25.352,65.585,-94.999,102.38,-18.74,-16.819,18.417
"220",102.84,-112.8,-110.19,-79.183,39.363,31.967,49.373,-43.684,45.1,11.951,5.4282,9.0049,-26.698,0.61309,-12.817,15.7,34.525,-36.842,12.824,-2.661,-9.7137,-12.236,-12.9,3.295,-36.831,28.233,4.8157,12.97,-8.1251,18.203
"222",-27.054,158.35,-118.62,170.95,-121.23,32.775,59.757,-6.2759,79.521,0.33644,15.903,35.858,31.65,-59.521,40.48,-12.875,-53.417,-25.978,31.407,30.778,-70.971,0.49635,41.81,-22.832,19.932,-40.237,46.321,-22.296,60.517,9.3713
"228",-219.35,-15.812,-42.968,-82.592,-113.58,39.994,-64.581,-135.79,-6.1962,-53.518,60.287,-49.064,9.671,-37.893,132.77,-22.853,-53.814,-54.132,-61.227,-34.405,52.009,-16.399,60.676,27.608,19.511,42.688,22.156,-10.549,-38.026,-32.895
"233",5.5144,225.38,-119.38,163.27,-129.17,93.941,-51.58,-79.25,68.469,-5.6129,15.733,53.444,-40.591,-180.86,6.317,-93.371,8.3304,-70.419,-1.3457,54.614,-1.9262,-38.47,42.857,14.792,4.5699,23.087,8.2345,20.344,-34.107,28.991
"234",66.122,-49.256,-37.852,37.187,18.758,42.659,-62.577,-0.92748,21.186,27.283,-28.847,-19.495,-26.012,-24.418,-0.47456,37.224,-36.06,7.5941,-29.303,21.034,-31.79,11.602,-5.9816,1.0139,-2.4748,-11.36,-6.6534,-0.2194,-9.2914,-9.7378
"243",-122.66,-188.85,-108.78,-119.76,-72.821,39.013,-0.13545,-2.4891,24.046,-8.9476,34.856,42.191,6.0903,42.859,-10.304,-38.867,21.909,-40.027,8.5683,8.9081,-4.1742,-21.019,-45.689,-19.607,40.545,19.506,32.92,26.658,10.109,-8.1688
"244",-333.33,54.223,134.15,-138.69,73.611,24.827,32.1,80.277,84.1,11.83,-31.649,51.432,3.696,-10.341,8.4593,12.365,1.8534,18.167,26.121,-78.306,3.6797,-46.064,13.85,16.199,-21.124,10.623,38.309,16.385,-2.8164,0.8387
"246",25.007,207.72,-196.22,75.754,35.797,113.82,-139.48,-38.497,-57.251,74.807,49.82,140.12,74.142,57.35,1.0863,-42.716,-83.366,-91.71,76.733,28.974,-66.405,-22.902,51.956,-19.668,14.145,20.733,14.766,8.4088,-29.09,-20.219
"249",-95.704,199.24,-81.602,166.24,-17.208,272.42,-120.12,42.239,53.522,-49.471,43.856,50.7,-25.794,33.59,-80.793,-6.8775,118.45,-89.839,-36.212,41.119,-56.125,8.9954,24.063,-32.044,10.466,43.3,-2.133,-1.5889,21.873,18.728
"250",32.688,62.085,-73.018,-127.53,-106.56,-30.819,-65.281,-182.89,57.4,27.135,-93.342,-67.771,-11.439,14.631,55.654,-223.85,5.4696,21.137,85.001,-44.08,49.15,-40.488,-51.56,8.152,-30.793,-5.5878,53.083,-59.124,1.4949,28.305
"255",-128.35,133.57,-108.29,-1.0645,33.654,175.11,-74.567,-58.621,51.589,155.94,28.397,41.597,58.817,171.75,-20.824,51.559,4.0415,-28.865,-6.827,-25.36,-65.785,13.663,48.924,22.164,46.55,-79.724,10.294,-19.038,-55.89,-22.92
"263",10.61,26.923,17.131,-37,-54.484,-20.767,13.524,-8.0306,-27.407,-13.029,27.289,7.6407,-5.357,13.127,-0.84495,-13.544,4.5299,4.3104,7.4473,-17.626,4.1176,-0.01485,7.022,10.247,-5.1665,-13.027,-3.0435,3.4781,-0.34404,-8.2663
"266",19.636,45.182,31.99,-30.801,-49.748,-30.999,15.344,14.012,-18.396,1.4368,1.238,16.874,-3.9714,6.6599,-0.027711,-7.5412,1.278,-5.5315,-5.5187,-3.3889,11.076,1.1292,6.258,-7.8467,-1.2245,-6.3337,8.8865,5.776,6.8355,-0.33215
"270",21.228,49.885,28.324,-35.767,-55.552,-24.085,6.3749,0.43942,-26.503,11.391,25.91,32.574,-15.352,0.71838,3.8511,-6.3599,0.95571,-10.036,2.5169,-8.946,8.0675,-8.3825,10.498,-10.418,-11.514,-8.7373,8.4466,9.1473,-3.9268,-12.098
"284",18.456,45.17,14.077,-34.886,-44.14,-0.63707,-8.4725,4.7552,-16.471,29.178,5.5228,28.781,-9.888,-1.8595,0.63142,-3.4807,-0.72356,6.6516,-14.626,-3.1535,21.549,10.565,10.106,0.28764,-3.8421,5.051,2.6184,12.547,-10.532,-10.444
"298",4.8687,27.515,30.052,-50.579,-36.966,-28.593,8.2715,-24.747,3.4218,-35.991,44.233,15.387,-4.9253,17.01,12.166,-7.6773,2.932,-12.851,10.83,10.923,5.7779,-17.328,18.391,19.822,12.964,-18.498,-7.3969,0.52816,0.80069,9.0818
"309",20.544,19.411,-13.373,-23.435,-20.034,-7.2844,-9.2232,-12.3,-37.812,13.235,2.7758,17.082,8.8739,-19.605,12.634,-1.5189,-3.3642,16.151,-35.273,-8.6848,14.696,1.1278,9.03,-10.45,-16.037,6.6106,26.867,4.9179,-4.7269,-21.63
"313",2.583,11.268,50.176,-5.4501,-31.266,-19.034,-12.695,11.599,13.321,16.891,2.9472,32.867,-2.1597,-12.811,12.085,-1.5943,23.946,-14.776,-12.964,-19.393,19.041,1.9156,5.4755,-6.3383,14.52,1.8507,13.143,2.6518,1.6746,-1.5648
"314",32.681,24.392,31.73,-61.134,-30.898,-28.359,-6.8441,-23.28,5.129,-14.582,-7.8604,16.524,-20.161,6.5622,11.213,7.6561,6.9374,-23.441,-24.494,1.9474,-7.2532,-3.8326,4.7086,11.254,6.6609,13.245,13.22,1.5224,0.54909,3.6767
"324",-60.043,-8.5914,60.937,40.199,-43.188,-37.775,-38.078,12.231,24.817,16.818,45.139,-3.1414,10.555,25.78,30.511,-1.4644,21.062,-32.272,10.107,-6.7436,30.878,0.20909,28.883,-12.845,13.981,-3.8321,25.502,6.3307,-1.1325,9.3474
"329",37.603,24.827,31.688,-16.96,-7.599,-2.8997,-16.842,23.079,-6.5934,17.493,-19.039,19.474,-2.094,-6.1987,12.428,5.9314,-14.58,8.2879,-22.434,-22.727,1.4982,-5.6442,12.958,-8.7239,4.1915,-1.2573,-0.63602,-1.8721,-13.468,-7.0696
"332",-48.567,-25.783,61.765,-25.09,-41.146,-65.105,-26.76,-38.162,4.276,-43.897,59.075,12.549,7.7576,19.339,-13.554,3.7042,14.124,-10.366,13.217,-2.2157,-2.4138,7.9872,17.955,-3.6958,-1.0319,-29.555,-15.289,-9.8824,-2.408,7.3683
"334",-69.566,-37.808,58.311,-1.2445,-57.791,-37.552,-3.6549,-3.6743,30.46,-16.821,48.357,21.366,9.1941,9.3652,-7.7966,-3.221,21.602,-4.2086,-6.7418,-9.3095,17.536,1.2773,8.3688,7.279,-8.4241,-15.48,12.927,14.781,-11.352,5.4224
"336",20.904,-1.5025,20.253,-40.793,-41.429,-15.283,-13.617,-5.2831,14.877,-21.52,17.005,22.391,2.7091,10.33,7.7942,-14.717,4.9604,-4.2931,-19.436,-15.437,8.1003,8.0547,-6.7229,9.7607,-2.1154,-5.1241,4.3593,-7.7213,7.1271,10.12
"338",33.896,7.0854,28.584,-31.045,-40.525,-38.909,-4.339,-10.524,4.8694,-4.3756,-1.372,19.778,-9.1086,16.782,18.877,8.0902,-6.0465,-7.4856,-3.1902,11.023,-14.635,-3.3687,1.6784,-8.9457,-9.7914,-9.5906,16.322,13.5,14.952,-1.9785
"343",45.798,34.477,20.344,-32.012,-37.638,5.7902,-8.2574,-26.229,-45.545,10.51,-25.83,12.53,-4.5643,-8.2403,13.189,-13.141,-1.5592,-2.1921,-28.594,-14.628,9.0106,-7.7996,0.69139,-9.5426,-13.953,-2.9402,12.641,3.1681,4.4245,-2.4677
"347",-0.92292,-26.876,28.06,-28.804,-45.499,-34.73,-12.372,4.6733,13.184,-18.612,21.679,29.833,1.5696,2.6365,10.465,-21.778,22.87,-17.733,-13.887,-32.058,-10.329,-9.6566,-8.1866,0.29746,-3.0584,-7.9255,16.39,-3.034,30.848,18.446
"353",12.227,58.948,31.074,-33.279,-45.245,-23.199,10.132,19.578,-21.187,8.4984,13.355,22.952,-15.13,2.7123,-2.4696,0.51495,-3.8276,-6.6066,-11.685,-11.158,20.999,0.26154,15.855,-2.4235,-6.8274,-8.2247,-0.25398,13.965,-8.5377,-12.28
"355",25.197,31.985,31.203,-40.684,-65.453,-24.031,20.871,-0.51675,-15.406,-11.594,24.296,34.767,-3.8941,-4.7741,-0.71859,-23.157,18.884,-8.407,-22.808,-11.08,-12.716,13.72,-5.2323,8.2044,-10.541,3.1077,13.016,11.819,24.107,5.6599
"361",18.499,31.343,24.673,-40.158,-42.021,-37.614,12.526,3.8849,-22.556,6.3535,20.286,40.204,-13.712,-2.7777,-3.7395,-7.1746,6.0065,-1.4625,-18.726,-12.384,9.1112,16.161,-5.5319,-7.7929,-2.9365,2.3755,15.713,0.15136,-2.4697,-4.7382
"366",30.791,21.535,27.66,-47.801,-42.617,-41.431,12.064,-0.096202,-0.50206,-4.3417,25.564,40.691,-16.379,-0.11862,-2.4102,-12.575,5.4808,-10.967,-17.207,2.8264,7.2565,4.8303,6.2838,8.0457,-6.3426,4.9369,19.628,8.1056,5.7742,-6.2774
"369",-14.873,22.563,32.085,-22.962,-58.744,-48.51,23.933,20.556,-4.1226,10.876,53.445,43.942,-15.143,18.802,-1.0808,-4.3751,9.8721,4.0937,-8.7189,-8.2391,2.3782,10.055,5.6726,14.81,-3.235,-7.0662,4.6001,3.0376,-1.9846,-3.0279
"378",25.826,37.957,35.067,-47.593,-58.547,-40.241,18.864,12.92,-8.2501,-8.6289,21.276,28.615,-19.47,15.293,-8.6392,-5.6449,5.0408,-11.654,-14.673,3.0736,1.6576,4.5772,3.3419,9.9099,-7.9429,-2.821,7.1224,1.3555,11.81,-3.4236
"379",33.279,35.249,16.086,-40.663,-60.166,-34.315,8.8063,-4.3894,-22.225,5.7165,15.024,38.241,-7.5088,7.441,4.5617,-12.063,-7.6164,-13.041,-10.381,-12.768,2.4745,20.435,2.0618,-8.5498,0.82458,-5.5352,0.25198,2.8303,-4.2338,-4.5158
"380",24.142,47.365,31.312,-40.903,-49.507,-22.216,21.941,10.602,-16.905,6.1273,25.356,30.074,-22.805,16.397,-4.8659,3.3348,-8.6506,-16.87,-8.0136,-10.819,1.3623,10.191,6.0827,-2.3552,-6.8511,-7.4499,-4.418,6.9676,-0.22337,-6.6211
"385",-235.72,56.122,-95.906,-50.426,-192.64,-1.5,-154.35,-0.99662,-39.268,-32.719,73.901,-62.554,32.589,4.7658,39.308,36.263,-32.296,7.3834,25.545,14.926,23.264,5.2344,42.663,-15.15,-46.209,21.72,3.145,27.356,-23.555,-20.135
"388",-168.55,-76.594,-67.685,5.5852,-139.17,-87.021,-117.54,90.829,-40.035,32.424,-13.339,-27.575,-67.517,20.938,51.134,28.222,11.293,-34.64,48.184,27.499,2.2821,-59.166,3.2974,2.6882,-14.88,-10.176,-4.4203,-19.6,37.206,-18.924
"395",-173.24,204.91,-68.092,-16.202,-70.048,-58.456,55.593,-59.205,124.08,99.551,-52.398,2.1266,45.43,61.352,65.822,-2.5932,40.866,-38.657,3.9309,-24.85,35.39,11.864,-32.775,-65.818,-37.921,14.849,-26.464,37.767,-26.36,-17.502
"397",-17.332,172.67,-157.49,80.588,-30.951,106.23,-47.441,47.927,33.607,-72.783,5.3863,147.64,97.901,55.867,-97.678,55.4,-8.5647,13.805,-46.906,29.252,110.28,-22.839,-105.05,-8.0755,36.264,20.872,31.955,-38.237,9.8741,-22.77
"398",-165.12,185.64,-89.722,-18.345,-93.346,14.343,89.041,-43.048,183.39,65.933,18.04,-87.367,-49.946,13.203,34.194,-65.963,-50.403,41.258,-82.749,21.509,-40.614,68.521,44.563,-71.563,10.226,-45.204,37.202,-6.1993,10.244,56.311
"403",-161.9,219.84,-52.14,3.1068,-60.647,-69.567,86.788,-55.038,131.79,74.331,-6.2433,7.2027,4.8916,76.752,91.32,3.815,4.5525,-93.253,23.694,-31.693,10.811,49.835,-57.974,22.664,-50.264,35.015,-43.9,-70,29.029,-44.501
"404",64.282,-109.02,-25.704,-84.258,-54.218,45.015,4.7381,-54.431,70.107,15.466,18.09,14.272,7.314,-3.3762,-38.819,-12.144,28.779,2.5698,-7.3998,19.874,-2.5763,-13.507,33.022,25.202,-13.298,16.271,11.161,-8.2196,32.826,-4.5992
"405",-135.41,196.5,-100.48,8.6461,-94.085,-36.778,48.189,-49.219,187.28,46.175,59.307,-85.77,-7.1119,23.938,-16.91,-13.752,-47.162,72.912,-54.944,36.475,-12.767,41.549,36.271,-21.737,39.12,14.081,6.9384,66.927,18.667,15.179
"413",52.384,-10.426,-92.925,12.023,86.865,-22.128,-41.808,49.631,36.58,-22.461,45.92,-18.916,-5.5039,35.692,36.945,-65.72,52.091,0.98983,-25.676,16.684,-41.526,-5.9914,20.291,1.8416,-5.2989,14.722,-3.2031,39.764,23.834,-13.695
"415",18.068,-69.886,-29.744,-58.071,-64.906,-68.634,9.7747,-16.344,38.066,10.309,67.159,50.209,4.5135,-6.6836,2.6386,7.6509,61.82,-56.552,0.1896,-4.7407,-32.4,-23.623,14.547,24.222,29.091,-32.58,-17.511,18.653,-0.30304,20.553
"424",55.069,-108.38,-75.152,-47.84,-25.866,27.667,14.052,-57.715,45.019,65.452,82.888,63.169,-9.7319,-28.088,-15.652,3.7296,31.135,-9.9646,-6.9829,-40.3,47.289,-12.83,45.087,-38.408,-4.3151,-9.7802,-5.2183,10.007,43.221,34.399
"429",89.276,-56.755,-79.323,-94.118,15.6,36.343,33.935,-58.952,20.973,8.427,56.376,1.9546,21.36,-36.577,-10.56,9.5073,19.407,-5.2452,12.942,-63.284,15.332,-65.958,1.3071,-66.59,-9.0749,-21.549,-3.1244,9.5992,23.369,17.646
"443",-22.428,-3.7275,-16.64,-93.267,-91.625,136.17,-83.73,-48.159,-8.0001,8.5279,43.718,18.149,-79.288,1.6086,31.687,-74.385,37.559,33.335,21.138,-34.976,44.106,-10.214,-27.513,-22.621,-19.602,-48.781,-4.3408,57.664,-35.757,-57.571
"444",54.775,-36.035,-90.638,-0.095375,17.604,6.9501,-18.925,71.854,21.087,57.34,5.8683,27.82,-44.847,-4.8223,36.668,-0.55698,14.323,-21.429,-2.7198,-13.126,-0.99834,12.276,1.5391,14.964,-7.2232,10.981,21.727,-4.8933,-23.478,-1.178
"445",85.349,-8.1642,-76.534,-33.577,29.34,18.917,-16.646,40.992,9.2539,33.678,4.1954,12.272,-31.351,12.712,40.837,-4.4847,-6.418,-14.547,10.564,-2.7217,-10.704,36.037,-7.3762,-3.5802,-8.2935,9.658,15.547,-7.4334,-19.559,-3.6943
"446",79.736,3.318,-86.716,-52.543,33.669,19.807,0.36786,-2.8896,-3.7184,17.994,12.696,5.042,-61.918,-18.558,21.322,25.581,3.6686,-34.57,10.138,-19.541,14.27,10.297,7.1983,24.04,14.944,23.814,17.826,-21.911,-20.764,32.682
"453",85.624,-12.524,-92.601,-23.445,28.228,20.502,3.9697,42.109,13.063,30.327,19.208,1.9647,-39.464,-9.7571,26.87,15.967,-19.395,-4.7576,-11.267,-4.5036,-11.924,23.874,0.98731,6.9789,-12.15,4.7597,-3.1708,-4.3813,-23.176,-10.518
"461",58.219,-50.643,-95.879,-79.668,28.571,45.211,53.235,-26.174,2.9172,33.585,31.449,12.463,-14.465,-46.566,13.048,11.942,16.009,-26.417,3.1377,2.1849,5.8086,29.062,-12.133,-9.4544,6.9018,21.515,32.932,11.77,-22.89,30.094
"463",13.242,27.11,39.91,-36.422,0.63903,3.1635,12.636,17.323,1.0551,7.0633,-30.216,9.8068,5.0756,-1.6708,24.238,1.9114,2.6666,-9.7951,-17.496,-18.385,47.224,-4.4621,34.707,14.866,25.618,3.2345,-6.5265,8.0484,0.59928,-8.6548
"471",61.995,1.8456,-68.62,-47.696,10.242,12.77,-14.775,16.162,20.493,37.246,7.7713,32.782,-70.392,17.848,14.202,12.999,14.621,-31.992,15.393,-9.3498,35.209,15.094,27.195,7.1048,-3.3795,7.2444,18.476,13.116,-21.902,8.2831
"474",41.09,20.575,-65.281,-25.546,60.522,-17.279,-4.3347,36.935,-0.27549,-29.397,43.395,-12.952,1.8693,30.446,42.184,-67.981,12.843,-3.1946,-1.9795,1.523,4.5571,-3.1729,25.1,27.266,17.416,27.242,-2.2716,30.532,10.094,-5.8966
"479",30.105,34.608,11.897,-20.55,-3.0076,5.5975,-17.436,14.143,0.78926,26.731,-8.2235,22.481,-5.9606,-18.546,19.569,7.4646,-3.6857,-3.4744,-40.027,-14.389,38.15,2.9932,11.229,-11.118,4.4877,-16.942,0.99653,9.0974,-3.9619,-9.6623
"481",14.438,32.584,-75.327,-18.386,59.107,-19.016,-1.1735,40.824,0.78537,-33.299,54.499,-0.064415,-10.309,21.168,23.657,-68.327,23.797,-18.665,-26.591,-18.351,-4.559,1.8813,47.213,40.885,19.287,15.309,18.352,38.804,25.147,-26.318
"499",-172.25,-139.23,-72.844,-59.244,-54.268,105.67,-118.06,84.444,62.554,9.2411,-25.352,-3.584,-40.744,47.796,28.759,-3.669,-47.035,30.997,6.4603,24.287,4.1742,12.268,3.3145,26.935,-34.242,-20.401,-46.278,-15.036,44.255,6.2957
"501",-317.01,-72.434,32.086,86.567,42.037,150.77,218.48,-8.1209,-51.589,-82.365,-30.049,23.093,-43.784,42.779,13.135,22.359,-18.112,6.4552,19.781,0.79112,-26.904,-0.041999,10.943,1.7361,-33.154,-8.2666,24.068,9.953,7.1386,9.4589
"509",-292.03,-95.845,46.613,78.043,39.95,112.49,182.65,-53.859,-35.761,-50.073,-7.4528,21.621,-57.552,35.836,18.115,6.2029,-8.6232,1.0237,1.7962,1.4458,-14.067,11.91,-5.7015,-5.279,-11.743,-6.728,15.114,21.81,-5.7523,1.5372
"516",-15.774,-6.2878,57.441,-47.584,-30.167,-40.406,-6.7561,-16.329,31.577,-18.09,21.933,48.53,-7.8981,4.995,-12.839,-2.4583,18.879,-14.026,19.216,7.9026,-3.1078,3.4023,-5.3287,8.8004,12.067,-9.9148,0.33218,18.085,-13.055,16.595
"522",-37.768,-1.7813,49.79,-30.004,-32.114,-28.849,-4.6515,9.4879,29.435,-9.2991,51.188,21.418,-2.4951,21.443,-12.375,8.4094,17.958,-8.0409,-0.70657,2.5963,8.4914,-6.4386,18.404,17.071,2.8654,-12.741,4.7372,8.9135,-17.221,7.945
"525",13.006,-2.157,35.189,-30.426,-31.534,-22.041,-7.475,6.5992,20.602,-3.7379,15.681,24.954,-28.199,8.4427,-10.599,27.821,4.4942,-16.777,-11.265,-17.523,-6.5903,-7.1752,3.1812,6.3613,-0.13311,-21.49,-15.692,6.46,-15.329,4.9515
"528",2.2795,18.551,26.95,-50.267,-25.977,-11.876,-3.7138,4.5209,-7.9152,-45.622,30.19,1.9228,-7.6551,33.75,-8.4074,0.037353,-7.1004,-18.689,24.867,8.5191,-5.5097,-10.066,-3.4692,9.1173,22.026,-32.389,-31.254,7.3737,-30.501,9.1302
"535",13.994,23.266,46.963,-3.5612,-33.496,1.7297,-23.926,21.826,15.221,30.36,18.087,18.144,-9.466,-11.224,12.239,-3.9816,10.566,-16.617,-33.844,-19.836,17.6,-18.453,-7.2784,-11.301,21.169,-14.524,-22.592,12.613,-10.446,4.8653
"540",-35.52,-8.0184,46.122,-7.4684,-33.523,-15.581,-0.37393,12.833,19.413,-11.911,28.431,18.396,1.3837,0.85884,3.2038,4.949,19.554,-13.064,-24.463,-20.61,22.781,-1.1752,-8.6397,1.6993,20.423,-30.564,-5.3682,14.473,-25.052,22.827
"543",-32.462,-23.827,-12.201,-34.181,-25.707,-39.818,-11.923,11.664,23.431,-15.087,50.408,12.702,-10.678,5.9369,22.903,22.553,19.094,-25.552,-8.1144,-14.299,25.774,-7.6252,24.085,24.358,7.3321,-31.261,9.6808,25.222,-2.2457,-0.35737
"544",11.875,16.895,55.248,-27.604,-33.564,-23.667,5.907,-2.6675,22.097,13.126,8.8166,7.9591,-33.158,10.702,-1.7447,23.058,3.2788,-20.345,-4.7967,-4.3765,-10.395,3.3734,16.419,6.754,8.1515,-4.6855,-20.912,11.894,-9.8163,16.193
"549",-15.985,-9.2774,66.269,12.329,-51.215,-46.163,-13.476,18.217,29.566,16.663,26.885,37.096,-23.83,8.7309,10.627,9.3032,23.247,-7.0036,14.182,4.328,-7.2922,-5.9045,11.872,21.394,-7.8875,-22.467,4.2804,12.898,-0.2608,7.9173
"558",34.309,-17.871,-146.59,43.878,105.45,6.6779,-35.02,2.9853,20.789,-37.468,25.362,-3.5692,38.069,12.548,23.812,-49.557,13.395,22.359,2.0783,0.52722,10.879,-19.22,-23.327,-0.33871,22.041,-10.416,-18.937,-44.125,0.72535,20.693
"563",-123.45,-140.21,-62.291,-59.044,-79.962,36.678,-22.115,77.441,23.132,54.731,-73.053,40.305,5.9831,-23.324,-11.975,-59.122,15.315,0.40844,-36.242,37.13,-19.24,-28.174,-8.6844,-16.933,-2.0405,-34.466,-60.534,3.3518,-9.9652,-11.477
"564",-45.059,-70.044,86.129,88.109,-45.691,-15.346,-48.37,16.613,50.909,29.809,12.207,25.011,3.5694,8.1867,19.8,1.2569,12.71,2.6302,15.903,-23.947,-12.931,10.888,-3.7811,15.094,-21.816,-2.3411,34.198,8.9369,13.809,14.143
"569",-169.54,-82.921,-95.144,-32.153,-92.877,75.876,-109.83,73.439,30.783,28.718,-28.865,19.715,-12.257,29.552,8.7507,-24.056,-67.887,8.4214,-30.307,11.399,13.957,-11.728,0.68331,24.81,2.9782,-14.454,-27.773,-20.527,21.697,24.122
"572",30.839,-162.01,-31.324,-31.035,-18.809,84.302,-4.4152,-101.85,60.91,45.381,-20.415,46.705,-8.8485,-20.776,-0.77728,-11.763,20.61,27.959,-35.56,11.981,0.30826,-13.362,33.244,3.5429,-10.655,-13.931,3.5283,-8.7922,8.9512,-34.024
